ph,Hardness,Solids,Chloramines,Sulfate,Conductivity,Organic_carbon,Trihalomethanes,Turbidity,Potability
,204.8904555,20791.31898,7.300211873,368.5164413,564.3086542,10.37978308,86.99097046,2.963135381,0
3.716080075,129.4229205,18630.05786,6.635245884,,592.8853591,15.18001312,56.32907628,4.500656275,0
8.099124189,224.2362594,19909.54173,9.275883603,,418.6062131,16.86863693,66.42009251,3.05593375,0
8.316765884,214.3733941,22018.41744,8.059332377,356.8861356,363.2665162,18.4365245,100.3416744,4.628770537,0
9.092223456,181.1015092,17978.98634,6.546599974,310.1357375,398.4108134,11.55827944,31.99799273,4.075075425,0
5.584086638,188.3133238,28748.68774,7.544868789,326.6783629,280.4679159,8.39973464,54.91786184,2.559708228,0
10.22386216,248.0717353,28749.71654,7.513408466,393.6633955,283.6516335,13.78969532,84.60355617,2.672988737,0
8.635848719,203.3615226,13672.09176,4.563008686,303.3097712,474.6076449,12.3638167,62.79830896,4.401424715,0
,118.9885791,14285.58385,7.804173553,268.6469407,389.3755659,12.70604897,53.92884577,3.595017181,0
11.18028447,227.2314692,25484.50849,9.077200017,404.0416347,563.8854815,17.92780641,71.97660103,4.370561937,0
7.360640106,165.5207973,32452.61441,7.550700907,326.6243535,425.3834195,15.58681044,78.74001566,3.662291783,0
7.974521649,218.6933005,18767.65668,8.110384501,,364.0982305,14.5257457,76.48591118,4.011718108,0
7.119824384,156.7049933,18730.81365,3.606036091,282.3440505,347.7150273,15.92953591,79.50077834,3.445756223,0
,150.1749234,27331.36196,6.838223471,299.4157813,379.7618348,19.37080718,76.50999553,4.413974183,0
7.496232208,205.3449822,28388.00489,5.072557774,,444.6453523,13.2283111,70.30021265,4.777382337,0
6.347271761,186.7328807,41065.23476,9.629596276,364.4876872,516.7432819,11.53978119,75.07161729,4.376348291,0
7.0517858,211.0494061,30980.60079,10.09479601,,315.1412672,20.39702184,56.65160379,4.268428858,0
9.181560007,273.8138067,24041.32628,6.904989726,398.3505168,477.9746419,13.38734078,71.45736221,4.503660796,0
8.975464348,279.3571668,19460.39813,6.204320859,,431.44399,12.88875905,63.8212371,2.43608559,0
7.371050302,214.4966105,25630.32004,4.43266929,335.7544386,469.9145515,12.50916394,62.79727715,2.560299148,0
,227.4350484,22305.56741,10.33391789,,554.8200865,16.33169328,45.38281518,4.133422644,0
6.660212026,168.2837469,30944.36359,5.858769131,310.9308583,523.6712975,17.88423519,77.04231805,3.749701241,0
,215.9778587,17107.22423,5.607060453,326.9439777,436.256194,14.18906221,59.85547583,5.459250956,0
3.902475686,196.9032467,21167.5001,6.996311586,,444.4788825,16.60903316,90.18167588,4.528522696,0
5.400301781,140.7390623,17266.59342,10.05685248,328.3582407,472.8740733,11.25638117,56.93190645,4.82478639,0
6.514415093,198.7673513,21218.70287,8.67093692,323.596349,413.2904501,14.89999957,79.84784281,5.200885077,0
3.445061864,207.9262602,33424.76868,8.782147481,384.0070058,441.7858757,13.80590221,30.2845972,4.184396969,0
,145.7681806,13224.93564,7.906444721,304.0019928,298.9906665,12.72952472,49.5368488,4.004871128,0
,266.4210181,26362.96501,7.70006347,395.3894903,364.4801067,10.34895076,53.00838135,3.991564248,0
,148.1530614,15193.41347,9.046832707,307.0117926,563.8047433,16.56865557,52.67618503,6.038184953,0
7.181448581,209.6256005,15196.22999,5.994678646,338.3364311,342.1112863,7.922598333,71.53795326,5.088859989,0
9.825489908,190.7566183,19677.89247,6.757540731,,452.8362349,16.8990378,47.08197119,2.857472426,0
10.43329098,117.7912296,22326.89205,8.161504811,307.7075086,412.9868338,12.89070856,65.73347839,5.057310517,0
7.414148196,235.0445345,32555.85254,6.845952024,387.1753165,411.9833642,10.24481507,44.48929725,3.160624468,0
,232.280452,14787.20626,5.474914832,,383.981723,12.16693715,86.08072748,5.029166724,0
5.115817064,191.952743,19620.54533,6.060712995,323.8363839,441.7483793,10.96648615,49.23823132,3.902088768,0
3.641629777,183.9087223,24752.07246,5.538314133,286.059556,456.8600959,9.034066753,73.59465676,3.464353035,0
5.618064406,304.2359121,17281.97517,6.101083505,,399.4715663,12.26500158,81.58899246,2.896546941,0
,143.4537313,19942.27322,5.890754583,,427.1306715,22.46989199,53.12409422,2.907563915,0
9.267187531,198.6143947,24683.72357,6.110612421,328.0775332,396.8769491,16.47196935,30.38331457,4.324004646,0
,233.8589957,11703.92391,4.599387943,309.0393204,349.3996325,18.33889255,42.67746528,3.510004045,0
5.331940479,194.8740654,16658.8765,7.993829562,316.6751618,335.1203984,10.1805138,59.57271371,4.434820258,0
7.145771545,238.6899285,28780.34043,6.814028701,385.9756505,332.0327063,11.0931634,66.13804475,5.182590704,0
9.920691059,202.817483,9973.934059,6.882248307,337.3505291,333.1924699,23.91760126,71.83362396,4.69070723,0
4.758439425,183.3494541,21568.42878,4.731348985,,403.9441682,18.66822946,66.91240003,4.542801462,0
5.702925977,216.8504739,35606.44018,7.184351089,,504.6382604,16.14079002,77.53618352,4.137739016,0
6.953864226,209.638293,10575.18628,4.462707246,315.6065944,391.1843151,13.28533392,87.39088898,3.195710328,0
10.68296643,173.3754984,15758.74062,5.570783575,307.3525858,323.8079132,10.09086975,78.47278445,3.999775382,0
,129.8905723,34415.85315,6.32192899,304.5352242,470.3291685,18.59940992,72.40363387,4.405586,0
8.757257397,200.1914004,21536.22469,4.915101055,317.8829005,404.7177992,13.76832331,47.93087188,3.626135442,0
,168.3884308,27492.30731,7.046224798,299.8204779,383.79502,16.18206649,75.72943389,3.048057223,0
7.809631898,100.4576151,12013.55063,5.212314602,247.200826,605.2201244,9.61134874,66.08417364,2.447444464,0
6.652488091,145.0101719,19871.78845,4.96106638,288.0521917,545.9749938,10.94202426,71.72741406,3.742090426,0
9.147197055,211.7141418,11920.61084,7.230794769,339.7519188,527.70891,18.27531211,47.63488493,3.794531591,0
10.56074464,181.8933656,21783.65103,6.991259996,340.3903784,456.5564021,16.48283537,34.25204908,3.96468635,0
7.484254838,260.0921726,30616.61515,9.379133541,,404.6707773,15.93448387,66.62102655,4.781188177,0
8.520806573,238.3351125,28779.65001,8.282808465,381.6493229,481.3188027,6.016336609,39.09117136,3.94060453,0
4.999413811,190.2870501,24323.8659,7.230164127,324.8930378,405.330482,8.236557503,99.42738492,4.460683932,0
,157.8011936,16963.62501,8.33561855,300.0442343,360.9959945,12.82386095,71.7170051,4.405385706,0
,155.0557268,20557.24043,8.18731905,,290.1809831,16.62225518,59.62205746,4.08990769,0
3.906078355,233.402835,32144.79993,6.994839617,348.3594482,269.4490512,9.6541256,63.74306384,3.902879712,0
6.391353624,213.0178297,20965.47831,5.375559892,327.6505425,369.3381209,13.75810517,17.91572257,3.923749169,0
,229.4856937,35729.69271,8.810843045,384.9437789,296.3975472,16.92709218,,3.855602212,0
8.692092013,195.1437388,24656.23968,8.231900338,,398.345418,12.38077079,48.44072487,4.477960248,0
8.085759801,127.7396738,32653.91036,6.53423741,,416.2396301,11.11965925,78.27505004,4.068688909,0
6.203977702,212.3066183,21815.07415,7.873991885,,362.1080043,14.93301266,63.87381995,5.215689206,0
5.058108869,238.5693804,34873.93452,8.983276144,374.4335045,669.7250862,13.35318143,76.52179975,5.106655774,0
,103.4647587,27420.16742,8.417305032,,485.9745005,11.35113273,67.86996368,4.620793452,0
,211.200526,12830.48413,4.502117034,326.9615176,333.329848,16.04514848,49.89840564,3.439740042,0
7.261550522,179.8897882,24964.7777,5.837086493,349.2692713,501.1827807,17.28771328,50.99300645,3.636364183,0
7.160467231,183.08931,6743.346066,3.803036424,277.5990986,428.0363444,9.79962469,90.03537367,3.884891044,0
5.704764776,116.2993299,33223.58153,7.05050316,297.0781535,504.378681,9.001820488,48.14703125,4.157533407,0
6.217273135,130.9444639,19460.38282,7.092462955,300.131272,556.65371,14.08360835,57.89707471,5.325833446,0
8.67993497,242.2286673,22984.05095,7.518764659,,352.9425881,18.70440906,69.90790245,3.873470298,0
,219.3009142,14859.46642,5.598326766,344.4423937,425.2135748,15.77183437,49.35200148,4.655916599,0
6.897322141,211.3601667,25650.77764,6.766009907,,383.0143102,13.93478804,90.52332986,5.02278363,0
3.514545529,158.7320758,23029.66361,6.821679099,286.5228468,307.379142,9.712231911,79.85092857,3.762615331,0
3.722500486,163.6397469,37962.16799,6.684570274,326.6940179,467.5629729,14.56726886,50.5779791,3.662837732,0
6.455004797,176.6839728,24468.04839,5.756930039,314.7995983,477.5813462,16.24550434,57.72972383,2.293431406,0
7.316804754,217.522862,31903.39981,9.865047503,376.9379723,425.9134002,8.992754272,69.50921982,3.50837265,0
1.844538366,233.7643427,28689.59578,7.7244323,,410.3872638,15.6118593,54.29944409,5.013463351,0
5.519125656,168.728583,12531.60192,7.730722948,,443.5703721,18.0990781,,3.75899586,0
7.408985467,204.9617498,9566.12227,6.505923139,311.4526625,504.1459941,11.53214401,81.10693773,3.772420928,0
5.976769618,258.952732,27267.98186,7.648599331,383.6571521,514.1189201,12.25679025,82.46979843,2.994671096,0
6.395359132,133.8342291,23827.27502,5.127746861,266.9084283,573.4002951,9.833874585,95.02660928,4.191217515,0
6.20964226,195.4177209,13116.70771,7.879347671,,417.241656,7.507662315,70.54738691,3.612519615,0
6.762832522,232.0751766,27159.38435,7.884990658,350.4452927,465.4137746,13.86396488,64.81225738,4.916579161,0
9.918717064,199.1812511,21470.27831,6.79984141,329.178429,430.5077069,15.96604294,59.29227327,3.385508444,0
10.15544017,300.2924758,12652.36298,6.655126363,398.6477857,487.459131,9.347633986,67.91978869,5.00246726,0
8.721726711,206.3696824,28608.05208,6.325442404,377.4045382,506.9383527,13.55375101,42.38148394,2.555026904,0
,197.9797828,17153.30616,7.659203939,329.2803146,575.1146944,11.87098148,69.10983568,4.383921814,0
,199.1078856,29721.91163,6.869690215,357.303221,420.7095912,9.226618665,55.29428327,3.355164642,0
6.099646705,237.9199268,20416.841,8.457830699,,291.1048366,19.27005426,93.13800948,3.172789769,0
9.02678772,253.2170742,27965.07215,6.588374366,373.5532353,588.3196505,16.14573205,59.12445085,2.019042018,0
6.953371603,203.1465468,11609.10905,5.495737655,304.2831932,551.1433372,9.387781276,55.95800559,3.651865808,0
6.140877557,197.8760897,26687.87448,7.587196418,329.2318529,548.0727613,15.83633021,41.26364788,5.359460295,0
7.077874007,220.6705396,23873.37821,6.181839616,341.9872341,333.0507859,10.66179894,90.29777033,4.764508265,0
5.488314309,135.8023617,21485.1532,8.187415791,280.6032867,441.3311375,14.86026268,88.28734556,5.066786272,0
7.205559175,120.3276153,24627.86756,6.202469332,289.7686966,418.4332899,13.64314709,63.73373237,3.710053126,0
9.177869866,163.2748283,20868.33122,7.726040434,320.4214322,426.9943932,10.2142746,62.43092616,3.108769988,0
4.270716195,166.8377085,24405.25053,7.391510138,297.2067392,349.5189104,13.47852645,54.47483954,3.763905903,0
7.348844512,223.2649397,11519.04653,8.88955868,,494.1584341,18.14537425,73.71552202,4.880875156,0
8.52616987,175.6128363,11837.12336,7.483708838,308.3985155,474.2404823,21.84591625,52.37220111,5.083014142,0
,169.0419175,36152.8209,8.330388898,329.0397102,590.7487872,17.69511436,103.1504626,3.995973787,0
2.612035915,188.8041257,34798.25259,6.796439154,,468.0802666,13.17076321,49.52376998,4.76520537,0
8.490571562,204.1236484,22989.79639,8.270792937,358.847115,435.0008983,17.08424565,62.42163706,3.875556805,0
,213.5419323,22539.71161,6.957204179,334.0411862,463.3988471,11.62301916,69.61584964,3.398592587,0
8.858401531,254.6175187,9624.300462,7.954015627,348.4081949,344.3033625,7.935467758,78.10854982,5.525726338,0
6.098156521,189.995846,27776.90105,6.443097878,347.9304004,245.859632,14.63688226,73.42463246,3.977362364,0
8.419970682,185.7189888,13237.9896,3.998265841,308.1426389,463.6472774,17.20956506,48.78311166,3.962478314,0
9.286155021,222.6615514,12311.26837,7.289866041,332.2393595,353.7401,14.17176257,,5.23998187,0
7.875895135,226.2847878,12710.24945,7.303126583,346.4032581,445.3741474,6.063461913,63.12804403,4.238589203,0
7.725332908,252.2654912,36477.73811,8.386761008,426.5435898,339.4113267,17.48584425,60.48388466,3.724836704,0
3.388090611,212.0289445,20230.12558,8.56978153,349.1559987,353.9129274,18.20833967,82.38787399,2.798600948,0
6.745306715,218.424637,21871.8387,7.165509192,,373.0501016,16.82661946,74.08607997,3.90235259,0
,190.4238985,28062.64189,9.615147027,357.2267095,263.7719135,13.4452252,67.0555584,5.629015636,0
7.183825723,261.8507998,14100.96899,9.008495194,358.7247021,290.4238384,17.14990713,82.0251158,4.597165512,0
10.1119767,240.4321002,15331.30269,5.392651282,361.9029262,403.0418101,16.13112429,61.11114634,3.425763242,0
7.397413299,122.5410399,8855.114121,6.888688939,241.6075323,489.8516004,13.3659062,,3.14915751,0
7.812804388,196.583886,42550.84182,7.33464764,,442.5457745,14.66691724,,6.204846359,0
6.877456933,136.8792139,27433.58729,7.091521514,307.3970883,342.1963466,18.40384583,81.19341217,3.827650072,0
,146.9702452,16367.45837,7.687037186,,468.9450148,18.60138073,49.56196889,4.664350321,0
,230.8094825,27418.78104,7.136498392,369.3100078,274.6605966,9.5785846,72.37690878,4.197595209,0
7.521051679,267.0596474,26865.37374,10.44945031,,505.7093717,16.23774577,57.03778017,2.880785347,0
8.550875469,231.2487868,28918.41995,7.822528491,369.2642227,432.28527,16.26629669,73.14946432,3.772886607,0
10.30847766,217.2197464,27653.23518,8.912266341,369.5312064,382.9515048,6.580401551,59.57603991,3.285077052,0
,252.670469,29368.67418,9.906146627,433.9522119,465.2166206,13.22103363,84.19860653,5.052736766,0
7.371085073,207.7168244,24913.83717,9.616330437,362.30018,363.1685384,11.54266178,67.72070438,4.412589537,0
11.18069466,228.3008604,16600.39275,6.094000531,,504.0505391,15.03504691,110.7392993,3.809841654,0
6.506487767,202.2859379,17087.0769,6.201982767,326.6623683,481.7719343,16.53518593,46.20574791,3.548775589,0
6.643935775,151.8896001,10909.19459,3.749625148,240.9367221,437.9090052,15.26474235,64.2039637,3.812952926,0
5.03377399,155.3214775,34971.80748,7.121477448,320.115497,500.6373262,18.31249854,63.19330599,3.244948477,0
6.912607562,155.7404952,17973.17886,4.916302562,275.9082279,439.6480512,18.38071193,55.50746847,2.612248953,0
7.977635991,245.8951304,32170.06916,9.635636083,399.5831549,473.6624528,11.7283382,23.8170199,3.5521295,0
6.078335837,197.5019119,35957.79218,8.130472208,379.5277063,360.0604774,20.09841289,41.86595951,4.201580906,0
6.242414484,191.9087295,28149.41179,7.1304368,319.3067851,448.2425267,19.37009087,60.93948098,4.508705098,0
6.06335479,160.7673113,14775.1456,7.484103647,305.8285533,327.2702387,12.30901596,69.03845387,3.467336915,0
8.129585514,177.8989666,27834.2177,9.006007747,334.4385388,397.0214276,15.93626168,81.3907585,3.362537135,0
9.562405944,202.0136426,13041.82914,5.820655208,327.118824,433.3816667,14.13906591,63.54899266,3.762719837,0
8.167792632,200.9137547,27141.3629,7.262416639,344.1611343,525.5987875,16.142284,66.23143554,4.289395484,0
8.594416135,270.0227059,15791.67535,5.912690624,,672.5569992,20.18405147,54.96128525,3.568991708,0
,167.3861273,20944.62081,4.963124049,,566.339294,11.3188066,,3.679795035,0
6.825467901,187.0517097,46140.12685,6.137757462,352.7021822,373.4272355,12.60638165,58.75220132,3.027449578,0
7.861177701,204.2742411,25145.02412,7.923315375,338.2138034,469.4869612,15.99341035,86.16729829,4.157656628,0
4.96577356,220.8486386,21802.7449,6.250578031,311.598136,386.4133315,18.03523754,53.90817735,3.421766849,0
6.207432968,192.9370271,13442.60347,5.81902294,325.9065618,533.7958508,14.68753934,60.48503329,3.549298841,0
,157.0012874,20067.10533,8.071051029,,490.9097122,17.32294643,71.96926138,4.417559791,0
9.769251006,264.2656543,8471.677381,8.349709767,359.2685426,353.1964755,15.04708691,52.64545853,4.636556195,0
9.63066548,152.8624335,23641.70257,6.92570608,333.1483177,417.1670729,16.67018392,89.99757422,4.920091158,0
5.187471605,104.752425,20060.07873,6.913910914,,368.8154286,15.14034849,98.65664588,3.203257896,0
7.633570088,199.6529996,16312.15497,9.900546897,358.5662821,420.5341718,10.53939227,100.242706,2.927066767,0
5.77119905,155.0508931,24909.44401,6.53126127,297.0093194,313.7019343,11.704789,85.68830345,4.688959065,0
6.579969329,197.2269809,17657.08418,4.506293474,290.2898943,254.3932756,9.847655276,73.74971647,4.575931872,0
4.801154368,180.7728708,13556.7344,8.977286381,322.062447,587.3950117,12.40136807,62.02818652,4.418638132,0
7.948815718,238.2364097,19129.45837,5.851964962,,434.6554586,8.663293701,67.30404028,3.692250861,0
6.906992172,216.7852908,19991.23915,7.302351651,340.1060278,356.4591369,9.614106025,61.12264363,2.124759352,0
,281.268667,22452.09081,6.773698986,343.6358213,395.3417753,14.90308047,67.12516778,4.444350199,0
,190.7794599,12224.31051,4.646211053,308.5648863,399.2713589,11.87679667,61.88663599,3.463172548,0
8.461330874,212.5813664,34406.77645,8.679151556,384.8553815,477.3433686,13.80171218,,3.771944146,0
7.726134808,233.9478637,21667.86874,6.313181872,340.2731714,472.2589937,14.39986002,36.57803789,3.720636904,0
,247.6615733,19549.49934,8.76967029,,438.8657751,16.62465362,64.94900818,3.777737414,0
8.927078148,241.875105,22821.25438,8.549738274,367.9755579,380.1972,10.85928728,75.85706782,4.601860959,0
6.20801554,153.2211063,17358.79637,8.214938853,328.282029,481.1956735,14.27409228,62.71819917,4.334615732,0
6.128425635,141.4924095,9615.83271,7.62791913,277.9517037,415.0087369,16.43584291,50.69392671,4.633823862,0
,202.2548328,11981.74019,9.189106138,339.9839346,416.5889058,14.07922835,62.76552953,2.678910713,0
7.308048848,274.7049505,14600.53952,8.105802882,384.5648525,415.6072778,16.7616247,68.93722695,3.696119712,0
,170.0992357,39906.19027,6.554996213,,515.386742,13.51607813,40.51417236,4.353238589,0
8.640886409,201.5687241,26473.71324,6.967094562,352.3065857,309.9832868,17.66508338,68.66492348,5.263101572,0
,205.5094572,20406.92767,6.810069235,355.2659229,482.3300548,12.33777643,70.58060723,4.102529482,0
8.153210075,127.1448918,10280.9295,5.828357794,267.6368856,487.9083272,11.94347658,90.61935439,2.905788134,0
8.29372011,206.1604149,35216.38597,6.440999766,347.0622407,399.4836212,16.06566794,79.95451096,3.954715283,0
,233.850345,21136.28676,6.689877625,,332.7375865,9.745282009,77.52994451,3.310858508,0
,237.6773831,26009.07526,7.074531321,372.6002964,344.7679244,14.44223828,72.69624049,3.706601792,0
9.489972878,234.0699652,15513.74038,4.735332224,,277.9700697,16.69821637,81.42717402,4.219967522,0
7.830976343,190.7990441,7695.063935,4.845205476,292.5158245,507.4454883,15.52665845,85.0095059,4.588784657,0
4.430281212,139.6857588,28862.25717,8.961372377,298.3794584,434.7812671,17.29929446,63.04250092,4.384565156,0
7.240739639,201.1868045,23783.09956,7.75128544,340.9836834,579.2203941,13.4863791,62.6502355,3.556297467,0
,260.2053596,19517.7248,8.764168678,368.8210368,251.0208987,12.80458815,48.65189043,3.665521764,0
6.867301322,174.1849764,24112.15347,5.529942236,297.6555749,484.1229389,11.482687,65.30441362,3.82359504,0
6.129637015,200.2781822,30989.94841,8.830102319,348.8681541,341.3885767,9.300117278,79.55361207,4.615886181,0
7.917049443,278.056321,27192.28056,9.220128211,424.7879959,358.7817362,15.05431287,56.83960203,3.659484625,0
6.511618075,181.8734217,29136.81462,7.685775096,345.7516385,475.3413507,12.32123216,52.43761714,4.850433708,0
5.323815584,232.36858,37625.75268,8.879822934,380.576472,580.8977004,12.29380305,55.31001941,2.880721846,0
6.769572869,168.9370725,11067.18115,7.121263609,305.7949503,289.5424601,18.54590296,62.00157128,5.22054027,0
5.87797404,141.6152867,13652.2932,5.701659125,279.7824004,538.4954044,12.03404227,67.90725801,4.032259504,0
9.534021716,201.955208,9472.61492,6.105708489,319.5764202,259.6368031,15.62561667,,2.768238928,0
6.340027628,225.0281485,45222.50667,5.809031562,363.0057551,435.5004571,11.38593727,80.67031136,3.686001324,0
8.66159243,284.0983515,27088.47646,7.897856522,,512.2773101,16.91214158,72.46576277,3.67043101,0
5.653506135,146.5902323,16462.46009,6.501596205,299.6446114,272.4405583,13.79526446,87.82258511,5.198985504,0
6.626012184,112.2994855,25839.8941,7.658746878,312.2470431,327.2480786,19.40914656,85.78510284,4.194313129,0
7.793833573,176.8664829,18344.68036,7.567676884,338.2295973,371.216973,9.039042454,76.28807631,4.172935335,0
7.59312765,261.5661726,18371.0572,6.297542536,,387.6295723,16.57598077,51.83094808,3.377337638,0
7.362736502,185.692181,16268.44861,5.317019275,316.9186485,419.2584481,16.02424609,64.67891377,4.408513182,0
9.320305445,129.8238585,16002.13832,4.405034532,271.6705616,499.8441671,13.0768589,82.8375829,4.205809732,0
3.719791644,248.8592673,23590.93213,7.683742221,351.5554822,427.4959312,20.39378167,38.6049369,2.718397734,0
6.655605026,216.4411715,20571.84571,8.984236816,,336.8314548,17.74599613,71.70430486,2.951644715,0
9.868877881,214.1662353,15326.85591,3.35159782,297.0841735,424.2928308,19.18844138,70.0705141,3.355489791,0
5.590614436,229.1921395,35370.73552,7.98964067,,469.4130904,13.28155615,76.9927158,4.726845017,0
5.554436511,229.1228286,31344.46039,7.761431064,,306.872526,13.97480047,87.27337543,2.095914087,0
4.126528715,125.4748835,11215.9459,5.366011336,261.4447977,445.2414569,18.57592068,86.43365536,4.460200984,0
5.970035657,230.4493293,16324.1152,5.293918607,315.1861206,327.786642,13.32598708,39.55424883,5.428674072,0
,229.7713495,16162.26231,4.933662227,,448.8460364,8.816486899,,4.600927569,0
8.369154354,183.5003784,12975.90033,6.600853064,315.9011216,493.4654399,12.98710649,87.02941032,3.629749331,0
6.284248242,190.0176486,12206.68121,7.910711202,,395.2610634,13.24613956,58.92772621,3.377132289,0
11.26782838,161.8963622,6040.369868,7.20541412,,316.5358711,11.76830935,25.52526693,4.153347001,0
9.298018008,163.0388346,13990.5134,4.24970162,,399.4773578,15.36588356,83.92316815,3.681324244,0
7.895469246,154.2657803,7769.616119,7.205262042,258.3128794,407.7322172,16.42004096,63.01601758,4.2369473,0
7.947485786,269.809407,34440.77343,6.95828321,390.1042229,425.627814,13.74926131,56.63581132,3.70085384,0
10.02615916,224.2663577,14962.17783,7.428313128,336.9729496,517.5128415,18.85851888,65.36345158,4.182277582,0
6.48819324,225.4819088,34864.42789,8.951692285,385.5056354,324.5098409,12.6965448,97.11286019,4.592073571,0
5.869736755,207.7254552,22244.21824,6.59776434,352.563987,465.6164808,14.83810023,77.82273707,4.689315048,0
,220.8137025,21410.31962,6.324879789,335.8458627,382.197839,9.500295529,86.9901344,3.659974812,0
5.30414266,160.9683582,25299.51156,6.28604311,300.5006892,497.7903905,15.01303033,61.11551322,4.165723664,0
7.533614823,186.9182451,11642.72754,5.890684294,,363.5063443,10.7401459,49.5743083,3.462763987,0
4.077607725,207.8380479,18194.95414,7.923973951,,288.3651931,13.30669203,35.82455649,2.758658531,0
,105.8592636,37928.14218,5.609440346,,358.8887676,12.20710849,71.11989017,3.87385335,0
7.086168401,189.1453777,4304.492483,3.615890517,259.3733218,400.9043497,12.99301224,63.90228825,3.416539753,0
6.271012171,213.444685,24846.14187,8.372997049,,543.3917436,17.91652637,84.57886851,5.303581361,0
7.957768344,276.7335689,17162.39842,7.841541553,397.4319622,514.421722,14.5297793,60.55969904,3.450745892,0
8.875642278,228.9215872,28487.7086,5.31873198,351.9607232,474.772519,14.68397047,52.57886002,4.006991559,0
,192.447171,18257.56927,7.472249066,313.7765458,462.4024491,13.93214538,53.18591655,4.358298341,0
6.613709118,141.1289215,25648.5695,7.222971557,295.2368921,374.7703158,14.03826326,74.2992498,3.539771111,0
7.735705022,137.3181658,16723.97724,7.675826174,282.5398923,595.3292635,18.75613937,63.04277916,2.148611536,0
9.925041328,238.7133934,10704.60318,6.110019418,351.5974227,405.9001841,13.55036657,59.46266898,4.703803489,0
9.00258311,202.9907653,19523.12486,7.244753274,330.3615123,366.4917287,15.68940449,55.69739952,4.904837415,0
5.095766465,273.4084481,26307.29845,10.2198041,380.2014982,513.8775793,18.27241832,61.42518695,4.35219347,0
8.594677108,263.7645927,23220.12061,6.394463065,383.9625918,588.8527329,13.579996,86.19163513,4.754072499,0
7.083779061,112.820254,8580.245561,4.210284081,234.8526993,434.7477154,23.39951606,94.1603073,3.887680685,0
7.682872498,180.7013755,12105.72193,5.396716118,296.2388769,469.8356255,15.83176344,61.8020951,3.778606788,0
,133.8131148,18272.50597,5.911870512,,415.2117346,11.50450612,92.97576168,3.313199022,0
6.419772474,208.7602476,30759.68144,7.767863487,,523.6001756,20.23252348,,3.095233157,0
4.443238899,178.9562058,25008.53225,4.948814509,298.576676,429.544773,17.72972404,56.34768853,3.268324836,0
6.978664262,183.2427962,23114.44608,6.500825402,323.1557769,470.0787053,16.08284748,65.99571677,4.766943236,0
6.623613566,203.0301413,17167.3013,6.049600899,311.7262883,410.2432475,15.91450007,65.02122897,2.915165951,0
3.664710562,201.0973162,28102.75663,5.682035302,330.0235306,291.1484489,17.47063098,75.10180148,3.316157657,0
4.814135621,205.2140411,17650.40505,8.121080147,350.4879387,414.030709,10.99941608,47.40266587,5.190851805,0
5.779673705,199.5860803,24160.35432,9.458128324,,428.5532485,16.02250323,64.8727034,4.656377233,0
6.937818783,177.5781419,12626.19792,7.380882984,,439.624998,9.348252155,83.1632417,3.724089564,0
7.436782609,208.094004,28544.61629,6.500052537,339.0238982,522.79373,17.11527603,65.31127723,3.727663719,0
4.723312573,252.274895,22833.19204,5.922450614,378.5603036,411.2950246,16.58457144,66.72840154,3.917586695,0
9.380658051,265.0612161,15156.78983,4.271544671,333.3344693,503.1706154,11.28641004,99.01600307,4.034349047,0
7.810144933,187.3150477,20418.88993,7.214895724,325.2288808,351.1860809,16.80039961,68.48548029,4.033773709,0
9.436637164,143.7884118,20724.93036,7.700100188,,469.7613277,14.21576467,66.07797804,4.41111744,0
9.406325753,216.7621587,27948.58945,6.156110794,355.4730347,347.9830783,16.34071505,32.10829248,3.097277957,0
6.321259315,207.2577096,8532.139517,5.987876584,286.4892804,491.7653132,10.54688624,74.502808,4.501457204,0
,217.369746,17984.32744,8.594162885,,409.2207765,10.21377929,18.40001219,3.605154199,0
4.705356496,103.173587,19555.76505,6.76729799,,370.1781664,9.182833652,93.90048587,3.437450134,0
8.896418988,222.2562929,8870.902966,6.011342433,332.0026304,425.2268617,10.84773685,,3.700945733,0
6.581878202,272.9827447,37169.4444,8.114731015,416.0834805,351.4768394,15.12933449,79.2610265,4.201662864,0
6.755145902,231.2601313,18536.69865,8.757133179,342.5480142,385.1146477,13.88883433,79.30243573,5.162729749,0
9.445129838,145.8054024,13168.52916,9.444471086,310.5833739,592.659021,8.606396747,77.57745951,3.875165247,1
9.024845037,128.0966912,19859.67648,8.016422649,300.150377,451.143481,14.77086294,73.77802565,3.985250506,1
,169.974849,23403.6373,8.519729851,,475.5735624,12.92410682,50.86191298,2.747312999,1
6.80011909,242.0080815,39143.40333,9.501694588,187.1707144,376.4565931,11.43246635,73.77727503,3.8549399,1
7.174135163,203.4089346,20401.10246,7.681806287,287.0856791,315.5499,14.53351004,74.40561603,3.939895657,1
7.657991237,236.9608892,14245.78912,6.289064859,373.1653628,416.6241889,10.46423858,85.85276861,2.437296288,1
8.322986672,207.2524622,28049.64628,8.827061283,297.8130845,358.7258688,18.70927337,60.91142039,4.052135728,1
5.934279093,223.8581252,23249.65383,4.602849948,,277.3845373,11.36686342,66.62394365,5.217895024,1
9.802720782,98.77164353,27357.45674,9.218150393,323.1990765,512.4287308,14.16893351,59.45443977,2.764633881,1
6.101955231,215.2680896,15976.92623,8.857160044,308.4826954,417.8435527,13.1472795,62.50564153,3.53559633,1
4.997770601,280.0824107,26849.19474,6.130756542,374.2329606,297.61154,15.57157096,70.56027461,3.404632906,1
4.815766791,217.6870932,16392.13507,7.461170474,278.7422964,481.4808283,15.5172963,77.6933736,4.375223811,1
6.548020558,278.5851052,25508.38695,6.749377795,366.871502,497.3217528,16.56316651,79.3236784,3.611860372,1
13.17540172,47.432,19237.94968,8.907019729,375.1473148,500.2459518,12.08389565,,4.10692449,1
6.618010906,233.6616359,19598.86074,4.701049346,432.556385,401.6697906,11.76614643,73.19192051,4.437695749,1
7.788054733,212.6914573,29879.06015,6.998961533,360.668259,359.5690815,14.82874304,83.85633634,3.368757217,1
5.191834327,211.0941848,14866.10386,7.238691301,323.1092851,388.7165795,17.78000011,83.50540623,3.859800939,1
5.626339528,230.8579828,14442.41888,5.210368684,,346.5532064,11.36870244,43.19518163,1.943318777,1
6.869638941,251.2934475,21728.8213,8.803174745,279.7768565,539.4668769,12.99414,56.40970792,4.726702454,1
9.058628424,155.3575571,15737.46894,7.251978855,343.233977,463.389256,17.85447002,83.17518934,3.65213447,1
7.291888325,127.5442971,27784.04848,9.754475933,247.3354119,439.6493286,17.28504169,59.55632952,5.328712788,1
7.275908774,175.2203765,22644.76635,7.886854527,293.3098537,373.3456926,17.41168255,56.79928677,5.062297798,1
6.512737124,229.263861,22475.04687,12.58002649,192.0335917,479.5012786,9.983462392,66.66857615,4.612963629,1
7.207886781,175.8702941,35804.29261,8.066059052,320.1021726,468.5628288,16.16409127,71.14666068,3.762741072,1
,156.5206348,16146.15711,6.629599183,352.3534309,629.2812475,13.50768846,42.34016996,3.772919265,1
5.324941856,280.0896549,35344.65805,13.04380611,180.2067464,392.4214958,10.50481955,55.08466785,4.427137926,1
7.082300649,169.4689273,29846.71906,5.443386888,350.401849,353.0303803,18.95953438,30.38909611,3.485577388,1
5.33418358,224.7879362,28897.49153,6.048524614,,360.1791773,12.24734356,67.15475113,5.091357101,1
10.7618978,81.71089527,25999.95367,8.477393872,318.4272408,392.7040818,12.71635014,52.24697244,4.661798516,1
6.286806948,258.3000516,13777.37619,7.483257698,328.6806496,563.4347751,16.46083688,73.51665351,4.104863275,1
9.794558699,129.8709584,20682.73174,9.390842593,291.9800835,427.1239484,11.85322809,78.71146943,2.945418738,1
8.210443565,167.1021915,13933.08536,10.42284178,243.4859418,391.0688736,13.74705768,61.05821029,4.97605516,1
6.941719438,173.3343894,20111.82126,6.697194091,,374.4853324,19.93748613,,4.563183171,1
10.35611883,136.3237517,48621.56395,9.158703903,327.922751,365.7202915,17.97556384,77.35985434,4.201849441,1
7.958984292,171.4836247,23625.81389,9.537735147,259.9799662,327.623881,16.11711046,107.7540426,4.698007916,1
3.882631081,243.8079497,7751.809491,0.530351295,,341.2911163,12.99059199,60.10996798,3.734001387,1
5.671773833,216.0428111,15949.15318,7.500573233,,372.5352428,17.89572372,77.45788496,3.833159746,1
10.00330054,143.0942854,46113.95749,12.91218664,,574.5550413,16.96330978,36.7676707,4.746381859,1
6.552847474,198.8069397,34006.42073,8.691206175,274.9043512,477.1639068,14.36963009,78.17306259,4.687986155,1
7.628552723,156.7936942,26244.03691,8.337610434,255.0431936,495.9669861,13.63397438,65.60484125,4.182057148,1
4.79084054,268.7208812,17862.369,4.554573627,377.2411613,608.8468563,10.80631311,83.70223599,3.258858945,1
7.710959939,181.9381256,6552.626314,5.389248621,390.596392,516.2840829,17.01078491,58.24173419,4.28894682,1
8.291299006,211.2170343,20008.13496,8.767875035,275.7673211,475.9091299,12.6146689,66.61298363,3.424701921,1
6.193170101,225.6834218,12883.7265,4.739360117,,389.4059776,14.5601358,76.45781594,3.466645288,1
9.032660579,121.4414415,15618.17025,6.157490739,372.9274557,390.6572261,15.03031511,63.125617,4.927218272,1
6.139493741,236.6740259,8081.466471,6.250808074,,416.2388206,12.77701399,106.0372225,3.260906853,1
7.12942473,178.3723523,25840.57889,7.487823264,312.9827267,323.2989152,16.40615622,69.15760946,3.418610803,1
,191.2852176,21948.32536,5.62678729,355.4887658,509.4068215,16.69147057,84.10773756,4.109590274,1
5.418503763,187.7768087,35902.71568,4.357087861,,454.5202956,6.37407026,103.3730053,4.506539591,1
8.075494508,195.8049958,29483.60185,10.49384092,298.7372193,321.7483389,9.751086325,72.73442314,3.682919645,1
,225.287704,22511.69262,7.05757788,377.1289704,291.3537014,11.59002511,72.5085229,4.081701398,1
10.04967372,132.8328367,11557.03204,8.550572663,323.508072,442.7680497,13.37614863,92.17616984,5.133477823,1
5.667650647,229.9283665,16953.89874,8.774306102,293.5742499,554.1205362,14.25464074,54.43670238,3.633213756,1
,181.6891637,27776.18026,7.589868762,298.2267188,417.6312019,8.630090798,72.92328888,3.807920062,1
8.923980608,135.9384675,27919.77067,12.36328483,,415.6294838,11.94991382,69.31487958,4.15558319,1
6.428866313,225.6130938,15596.47333,6.153472447,,466.0443992,18.0153855,87.16363085,4.184783372,1
6.960603502,201.7154525,11348.676,4.297889825,,468.5913885,10.49058864,89.68619627,4.978820188,1
5.873675846,203.3299282,19216.68309,9.212778722,,420.2912301,11.11927378,65.2295512,5.412090885,1
6.79546901,187.7830201,15300.83867,7.486598424,316.9569345,498.665928,19.60042881,55.40111272,5.163088154,1
10.04102797,113.8311122,16266.43445,7.939074358,363.8668902,557.4860613,13.19534068,75.23322131,3.807562606,1
,273.2556208,44506.44156,8.412688131,233.792588,485.6472319,14.70501353,52.16423594,4.124780678,1
7.296037734,235.7351929,36043.70664,5.19621276,377.1906657,385.6143207,17.05271326,89.62355084,4.168526118,1
,161.8264761,29299.12335,7.028796694,350.4309403,375.7807164,19.7625765,86.69845685,3.497577391,1
5.862641233,185.0652199,44069.27216,4.382721317,412.6901114,331.5701387,15.30607892,59.60581211,5.50742094,1
7.292141805,174.480427,33991.65157,9.511792392,259.1649652,435.1080173,16.29361407,81.69010445,4.466912564,1
8.062805643,200.493112,11567.88784,9.889949955,,510.4144025,10.65093547,40.99280881,4.471842,1
7.82197094,157.1815455,23318.18798,9.08403988,324.8516587,294.6365314,17.18676578,72.56837619,3.532958335,1
11.301794,77.4595861,39227.61946,8.517986143,337.5012466,410.8561139,14.32688885,53.12125964,3.309580397,1
6.593764313,233.5141325,25589.61059,9.785695834,,489.7034439,14.38960913,46.46398161,2.346578095,1
9.161088613,119.8419046,26618.05964,6.105573329,343.289234,379.7251816,10.89992641,54.58073576,4.888061137,1
,144.815264,14507.01781,5.819091707,353.6072754,290.8894718,8.942072174,67.58734608,5.922581692,1
4.642953052,307.7060241,16115.92986,7.707342333,,439.9444081,18.44079003,60.14584226,3.982867293,1
7.798453676,188.3949423,32704.56929,11.07887248,258.1911841,507.1786883,18.27243924,85.17766213,4.107267203,1
5.564342491,256.20883,11245.73577,7.212253931,329.3383664,369.5555133,15.64005334,51.1503444,2.285987849,1
7.886591227,213.0525907,38852.02964,11.17078862,281.7007768,326.1153502,10.38517245,64.6625007,4.589983508,1
7.443189014,193.1247989,13551.95334,4.313264846,,430.4872957,19.39632945,72.07558551,2.664832796,1
3.657123133,275.7671418,23736.81626,9.100772079,,426.2311291,17.98595656,55.69489291,3.31462973,1
9.597191857,167.088976,21153.32283,7.944469309,346.0750158,335.1976082,14.34767609,50.64244747,5.145152871,1
6.964225943,212.7644944,29957.19122,7.675187646,321.2508981,378.0855456,13.12769368,72.08900098,3.990437572,1
7.672909523,152.8783051,22989.35118,6.231913253,343.4390173,401.1408786,14.25268374,64.29129182,4.268227482,1
6.737004072,220.1001024,24694.74421,8.373659876,,384.308673,6.748091938,8.175876384,4.063170289,1
,163.2244663,18570.28534,8.109345861,296.1902616,463.7417162,16.90014798,61.34983192,4.135745329,1
5.382489039,240.0182139,18189.39498,5.551990468,397.700065,551.4762022,12.81872967,79.77991108,4.173330283,1
7.022952113,264.5256065,15978.35525,10.95620546,262.0645514,412.7094234,5.315286537,76.02449072,4.971907099,1
,250.7053939,27355.93431,6.482037974,377.3580484,559.8178471,13.65395987,77.91771954,2.969136099,1
10.02622381,94.09130748,25510.0973,6.614114031,385.4026595,388.467266,11.88716125,69.27397869,3.736228471,1
5.583832998,261.2338253,35278.68174,6.59461679,,278.6390387,13.56538738,83.27489472,3.870156921,1
7.952929116,221.3698538,18621.42492,6.879418388,,309.2546197,19.05698492,72.68935432,5.260014766,1
5.500186641,254.672705,21082.85204,8.369354098,347.8165145,469.795375,13.49640431,60.04586666,4.178478951,1
7.543700466,161.6231416,19116.01208,8.493406749,289.9599529,440.2834456,13.33676961,80.24323689,3.630536578,1
6.848331559,159.1880501,12837.50606,5.164448055,373.9917105,558.8155667,12.25408076,69.77221027,4.396604556,1
,181.2105099,30280.78859,10.38254659,256.6300682,487.9972616,11.34630175,68.84386557,3.779554492,1
5.910251729,282.739017,15244.84639,6.636550649,363.3846827,695.369528,13.13835315,89.80101069,3.660922908,1
8.716820334,153.9800345,11734.44886,7.123611323,,447.0280768,12.73604425,39.92752082,3.205128767,1
6.016889136,221.1473078,16656.06267,5.201687758,,383.2077748,22.51787047,81.62623215,4.422269233,1
9.567822726,173.1114983,38787.46271,5.149999932,444.970552,492.4115244,12.90422086,48.48147718,4.197919055,1
4.296247024,278.1475241,19672.48721,4.955218159,414.6367262,330.067379,11.29318661,70.66553966,4.163328982,1
3.551579177,323.124,38969.38899,8.925515312,,514.7629185,10.16030276,71.09999884,3.96599397,1
8.529669348,157.7004811,18203.73003,8.926826327,309.5419774,498.6508327,12.28782443,52.02874105,3.776040837,1
8.065339036,174.1205843,21366.2836,7.490944014,315.1804054,497.0192345,11.41701861,46.21319792,3.756391707,1
9.158445163,186.672973,15797.0304,8.151080662,333.8122638,425.7520176,12.18263888,112.622733,4.525236731,1
8.848586283,188.9199829,32033.33202,13.127,182.3973702,479.7919747,12.07044433,77.67133749,4.014681858,1
9.495456382,185.8785944,18088.35485,7.527375309,388.7686566,409.4509977,12.39770353,63.35914373,4.168541279,1
8.052893916,198.9944743,9025.07936,7.217787958,338.3969097,328.4331103,9.142523494,42.75321531,3.634844542,1
2.798549099,311.3839565,26931.24348,7.116897433,,521.1405236,14.2351542,42.08035327,3.663252222,1
6.425873866,188.9802815,11965.39651,7.571122584,365.4536552,502.9910878,13.86648723,96.81811277,3.731936503,1
7.757269666,213.0484451,25259.78055,7.635152992,363.6848143,543.5287986,15.25402122,107.189584,4.165432286,1
7.748654706,239.7882778,29331.23663,10.71309662,217.0006071,441.5295473,16.3893839,,2.511810493,1
5.117390303,225.6574044,30914.11158,6.207729478,371.6493915,356.8622871,8.073420571,77.38813808,3.937188442,1
7.481535362,218.2611698,12088.41645,4.870660378,407.2965498,518.3755726,17.12096224,56.71102421,4.262065437,1
5.374222585,201.3314401,19410.23376,3.239580331,384.5628382,350.1780398,13.45108878,,3.642778438,1
7.063646976,140.6128657,17941.81126,6.2753046,376.0461562,402.593602,12.43973968,29.46842812,3.39586624,1
6.876451043,190.8445136,21979.03167,5.630557592,363.8317057,349.1860855,9.55173234,68.41085133,4.545340927,1
4.812433652,250.1839535,11465.57564,4.362641198,398.1619036,607.0265423,18.2100315,62.51146711,3.0209959,1
4.993530734,242.6205031,13900.77927,6.467744129,,429.8278189,17.27466256,61.24578836,3.153809337,1
4.788861062,234.8937026,28174.62052,10.85003648,187.4241309,444.8543208,11.78479884,89.01097412,2.896852186,1
4.037287739,291.4618974,52318.9173,7.779459314,,401.204271,16.54292133,87.81480026,3.04504857,1
6.505872509,240.2879117,29534.69029,6.775277154,341.7282393,265.2511986,13.57022302,93.16646544,4.497528597,1
6.779773967,153.8863093,24415.07056,7.322671669,,459.8765496,14.78229043,93.91470179,2.729104523,1
6.952511674,211.6972974,33737.28852,6.300870702,,395.4070038,14.18239607,39.80290707,4.105495485,1
5.628406919,226.8300426,28334.49194,8.012496989,293.9242728,351.1612132,15.01924062,35.17866216,5.050683115,1
5.966000489,194.796221,17350.05853,4.466577191,404.6099821,406.8063023,11.53998664,48.17335938,4.177139266,1
6.319431545,180.9656209,36278.71831,9.960552065,275.5917457,307.6913606,18.19693095,93.59424603,2.653126688,1
8.02724787,193.3524164,7714.746969,6.087237735,,440.938978,22.50467944,62.00704373,3.480640837,1
8.882684452,135.5230624,4857.253807,5.209778933,,532.3366593,20.29627439,20.33775264,3.827920867,1
5.991283475,224.6085628,29983.11601,7.383818681,329.7315466,604.6312629,17.74122824,65.11697561,4.840562301,1
10.27244427,163.6246234,18894.85239,10.06820537,269.6466556,446.4507253,11.85691442,82.44550327,3.179884727,1
,131.5477443,21626.49759,7.207846354,,390.955033,14.84495478,26.50548404,4.728123985,1
6.105140135,249.141391,45249.44903,7.369360303,338.7713073,314.9650897,11.25177781,88.65747732,3.103089844,1
9.443358884,73.49223369,20438.22469,8.024953111,315.8056588,458.6772315,12.53868069,50.85247034,3.486646409,1
6.887414371,223.603058,29189.13672,10.51446604,253.8305522,386.6228625,11.31229362,67.9161827,4.564188355,1
6.512900833,169.2174798,25151.41157,4.613310783,375.612318,296.074382,15.08869952,74.07592557,4.404040365,1
5.772718095,213.3635446,26124.93141,8.630718965,273.2794477,465.5592858,8.006207774,59.96433443,6.494249467,1
4.912557262,308.2538329,44063.09842,7.927976945,280.9336643,327.4756504,14.85798109,,4.897372508,1
9.739561949,166.948864,13623.16006,7.235921759,385.0591343,369.5912891,12.32260382,68.50585165,2.568079877,1
5.541979019,185.6718736,20143.06526,10.23617597,209.4710584,517.9357855,18.46401541,49.37131866,3.672975983,1
,193.5034148,42268.3343,9.005942788,258.3926829,384.6848754,9.085278555,75.43963293,3.601735481,1
,143.3002003,16263.16747,6.229736564,,503.6640851,19.58549658,,3.451740047,1
6.448931033,240.244771,13979.16572,9.077984756,314.5904772,473.7513016,17.41690264,84.0247864,3.622195522,1
5.477912295,211.3988439,27361.65907,5.810456913,340.6238055,358.04413,16.62938444,,3.774256121,1
8.544708662,181.4134021,31429.37903,7.55502971,350.3970819,393.8896156,10.24723219,82.72191192,2.31815248,1
7.378597016,175.9824471,9460.322635,5.941011848,,402.0199449,15.63945476,37.38945162,3.215219463,1
6.66400305,199.5887185,15902.94528,5.257789016,346.5845565,347.353336,15.98941896,61.15657454,2.227727884,1
6.775582812,218.4149289,17968.88278,8.254114831,,358.7176769,10.52016145,57.24411099,4.333636278,1
8.736371211,194.6776872,24283.65879,8.855544474,329.004205,333.6237939,16.51623165,67.25047267,3.802116117,1
7.146976296,196.5626846,16911.20377,6.89050548,320.1008753,520.1113582,12.85423898,66.81417649,4.025762216,1
,242.9094363,9654.733681,6.253980392,359.6658352,588.5667127,15.19701462,62.82285018,5.652222113,1
5.040331692,232.2344791,25653.69023,5.929307622,328.3295797,529.0525353,13.53940958,38.34673828,3.603325615,1
,281.5821623,21707.49226,5.037261234,348.2397195,347.9574985,15.37009758,85.9203502,4.003819012,1
